<?xml version="1.0" encoding="UTF-8"?>
<!DOCTYPE hibernate-configuration PUBLIC "-//Hibernate/Hibernate Configuration DTD 3.0//EN"
                                         "http://hibernate.sourceforge.net/hibernate-configuration-3.0.dtd">
<hibernate-configuration>
 <!-- Cuando utilizamos hibernate fuera de JEE, eliminar atributo name de session-factory para no obtener error JNDI -->
 <session-factory name="localhost/bdhibernate">
  <property name="hibernate.connection.driver_class">com.mysql.cj.jdbc.Driver</property>
  <property name="hibernate.connection.url">jdbc:mysql://localhost:3306/bdhibernate</property>
  <property name="hibernate.connection.username">root</property>
  <property name="hibernate.dialect">org.hibernate.dialect.MySQLDialect</property>
  <property name="hibernate.connection.password"></property>
  <property name="hibernate.connection.serverTimezone">UTC</property>
  <property name="show_sql">true</property>
<property name="format_sql">true</property>
<property name="use_sql_comments">true</property>
  <!-- Mapeo de clase con anotaciones JPA -->
  <!-- <mapping package="model"/>
  <mapping class="model.Alumno"/>  -->
  	<mapping package="practica2eval.model"/>
	<mapping class="practica2eval.model.Articulo"/>
	<mapping class="practica2eval.model.Cliente"/>
	<mapping class="practica2eval.model.LineaPedido"/>
	<mapping class="practica2eval.model.Pedido"/>
 </session-factory>
</hibernate-configuration>
