<?xml version="1.0" encoding="UTF-8"?>
<project-private xmlns="http://www.netbeans.org/ns/project-private/1">
    <editor-bookmarks xmlns="http://www.netbeans.org/ns/editor-bookmarks/2" lastBookmarkId="0"/>
    <open-files xmlns="http://www.netbeans.org/ns/projectui-open-files/2">
        <group name="2.- JYOC SCHÜLER"/>
        <group name="LIBRO JAVA IMS"/>
        <group name="DSSX RROMAN"/>
        <group name="JYOC ALUMNOS"/>
        <group name="ALLES PROJEKTE"/>
    </open-files>
</project-private>
