<?xml version="1.0" encoding="UTF-8"?>
<classpath>
	<classpathentry kind="con" path="org.eclipse.jdt.launching.JRE_CONTAINER/org.eclipse.jdt.internal.debug.ui.launcher.StandardVMType/JavaSE-1.8"/>
	<classpathentry kind="src" path="src"/>
	<classpathentry kind="lib" path="C:/Users/mad79/Desktop/dam2/accesoadatos/mysql-connector-java-5.1.47.jar"/>
	<classpathentry kind="lib" path="C:/Users/mad79/Desktop/dam2/Hibernate/required/antlr-2.7.7.jar"/>
	<classpathentry kind="lib" path="C:/Users/mad79/Desktop/dam2/Hibernate/required/classmate-1.3.0.jar"/>
	<classpathentry kind="lib" path="C:/Users/mad79/Desktop/dam2/Hibernate/required/dom4j-1.6.1.jar"/>
	<classpathentry kind="lib" path="C:/Users/mad79/Desktop/dam2/Hibernate/required/hibernate-commons-annotations-5.0.1.Final.jar"/>
	<classpathentry kind="lib" path="C:/Users/mad79/Desktop/dam2/Hibernate/required/hibernate-core-5.2.11.Final.jar"/>
	<classpathentry kind="lib" path="C:/Users/mad79/Desktop/dam2/Hibernate/required/javassist-3.20.0-GA.jar"/>
	<classpathentry kind="lib" path="C:/Users/mad79/Desktop/dam2/Hibernate/required/jboss-logging-3.3.0.Final.jar"/>
	<classpathentry kind="lib" path="C:/Users/mad79/Desktop/dam2/Hibernate/required/lucene-core-5.5.4.jar"/>
	<classpathentry kind="lib" path="C:/Users/mad79/Desktop/dam2/Hibernate/required/lucene-queryparser-5.5.4.jar"/>
	<classpathentry kind="lib" path="C:/Users/mad79/Desktop/dam2/Hibernate/required/xml-apis-1.3.03.jar"/>
	<classpathentry kind="lib" path="C:/Users/mad79/Desktop/dam2/Hibernate/provided/hibernate-jpa-2.1-api-1.0.0.Final.jar"/>
	<classpathentry kind="lib" path="C:/Users/mad79/Desktop/dam2/Hibernate/provided/jboss-annotations-api_1.2_spec-1.0.0.Final.jar"/>
	<classpathentry kind="lib" path="C:/Users/mad79/Desktop/dam2/Hibernate/provided/jboss-jms-api_2.0_spec-1.0.0.Final.jar"/>
	<classpathentry kind="lib" path="C:/Users/mad79/Desktop/dam2/Hibernate/provided/jboss-transaction-api_1.2_spec-1.0.0.Final.jar"/>
	<classpathentry kind="output" path="bin"/>
</classpath>
