<?xml version="1.0"?>
<!DOCTYPE hibernate-mapping PUBLIC "-//Hibernate/Hibernate Mapping DTD 3.0//EN"
"http://www.hibernate.org/dtd/hibernate-mapping-3.0.dtd">
<!-- Generated 04-mar-2016 23:03:21 by Hibernate Tools 4.3.1 -->
<hibernate-mapping>
    <class name="com.hibernate.modelo.Departamento" table="departamento" catalog="practicaorm" optimistic-lock="version">
        <id name="codDep" type="string">
            <column name="cod_dep" length="10" />
            <generator class="assigned" />
        </id>
        <property name="nombreDep" type="string">
            <column name="nombre_dep" length="30" not-null="true" />
        </property>
        <property name="localizacion" type="string">
            <column name="localizacion" length="10" />
        </property>
        <set name="empleados" table="empleado" inverse="true" lazy="true" fetch="select">
            <key>
                <column name="cod_dep" length="10" not-null="true" />
            </key>
            <one-to-many class="com.hibernate.modelo.Empleado" />
        </set>
    </class>
</hibernate-mapping>
