<?xml version="1.0"?>
<!DOCTYPE hibernate-mapping PUBLIC "-//Hibernate/Hibernate Mapping DTD 3.0//EN"
"http://www.hibernate.org/dtd/hibernate-mapping-3.0.dtd">
<!-- Generated 04-mar-2016 23:03:21 by Hibernate Tools 4.3.1 -->
<hibernate-mapping>
    <class name="com.hibernate.modelo.Empleado" table="empleado" catalog="practicaorm" optimistic-lock="version">
        <id name="codEmple" type="string">
            <column name="cod_emple" length="10" />
            <generator class="assigned" />
        </id>
        <many-to-one name="departamento" class="com.hibernate.modelo.Departamento" fetch="select">
            <column name="cod_dep" length="10" not-null="true" />
        </many-to-one>
        <property name="dni" type="string">
            <column name="dni" length="9" not-null="true" unique="true" />
        </property>
        <property name="nombre" type="string">
            <column name="nombre" length="150" not-null="true" />
        </property>
        <property name="apellido" type="string">
            <column name="apellido" length="150" />
        </property>
        <set name="proyectos" table="proyecto" inverse="true" lazy="true" fetch="select">
            <key>
                <column name="cod_emple" length="10" not-null="true" />
            </key>
            <one-to-many class="com.hibernate.modelo.Proyecto" />
        </set>
    </class>
</hibernate-mapping>
