<?xml version="1.0"?>
<!DOCTYPE hibernate-mapping PUBLIC "-//Hibernate/Hibernate Mapping DTD 3.0//EN"
"http://www.hibernate.org/dtd/hibernate-mapping-3.0.dtd">
<!-- Generated 04-mar-2016 23:03:21 by Hibernate Tools 4.3.1 -->
<hibernate-mapping>
    <class name="com.hibernate.modelo.Proyecto" table="proyecto" catalog="practicaorm" optimistic-lock="version">
        <id name="codPro" type="string">
            <column name="cod_pro" length="10" />
            <generator class="assigned" />
        </id>
        <many-to-one name="empleado" class="com.hibernate.modelo.Empleado" fetch="select">
            <column name="cod_emple" length="10" not-null="true" />
        </many-to-one>
        <property name="nombre" type="string">
            <column name="nombre" length="100" not-null="true" />
        </property>
        <property name="codFechaIni" type="date">
            <column name="cod_fechaIni" length="0" />
        </property>
        <property name="codFechaFin" type="date">
            <column name="cod_fechaFin" length="0" />
        </property>
    </class>
</hibernate-mapping>
