<?xml version="1.0" encoding="UTF-8"?>
<project-private xmlns="http://www.netbeans.org/ns/project-private/1">
    <editor-bookmarks xmlns="http://www.netbeans.org/ns/editor-bookmarks/2" lastBookmarkId="0"/>
    <open-files xmlns="http://www.netbeans.org/ns/projectui-open-files/2">
        <group>
            <file>file:/Users/inaki/Workspaces/01.JAVA/$%20ALUMNOS_JSE/src/OSCAR_DI03_Tarea%20Componente%20Despertador%20Digital/MiComponenteRelojDigital/src/MisComponentes/AlarmaSuena.java</file>
            <file>file:/Users/inaki/Workspaces/01.JAVA/$%20ALUMNOS_JSE/src/OSCAR_DI03_Tarea%20Componente%20Despertador%20Digital/MiComponenteRelojDigital/src/MisComponentes/RelojDigital.java</file>
        </group>
    </open-files>
</project-private>
