<?xml version="1.0" encoding="UTF-8"?>
<Banco>
	<nombrebanco>BBVVA</nombrebanco>
	<cuenta>
		<cliente>
			<dni>xxxxxxxx0</dni>
			<nombre>pepe</nombre>
			<edad>45</edad>
		</cliente>
		<cliente>
			<dni>xxyyyyyy0</dni>
			<nombre>paco</nombre>
			<edad>45</edad>
		</cliente>
	</cuenta>
	<cuenta>
		<cliente>
			<dni>hhhhhhhh0</dni>
			<nombre>pedro</nombre>
			<edad>45</edad>
		</cliente>
		<cliente>
			<dni>uuuuuuuuuu0</dni>
			<nombre>raul</nombre>
			<edad>45</edad>
		</cliente>
	</cuenta>


</Banco>