<?xml version="1.0" encoding="UTF-8"?>
<project-private xmlns="http://www.netbeans.org/ns/project-private/1">
    <editor-bookmarks xmlns="http://www.netbeans.org/ns/editor-bookmarks/2" lastBookmarkId="0"/>
    <open-files xmlns="http://www.netbeans.org/ns/projectui-open-files/2">
        <group>
            <file>file:/Users/inaki/Workspaces/01.JAVA/PracticaAccesoADatos_Ficheros/src/practicaaccesoadatos_ficheros/PracticaAccesoADatos_FicherosApartado1.java</file>
            <file>file:/Users/inaki/Workspaces/01.JAVA/PracticaAccesoADatos_Ficheros/src/practicaaccesoadatos_ficheros/Libro.java</file>
            <file>file:/Users/inaki/Workspaces/01.JAVA/PracticaAccesoADatos_Ficheros/src/practicaaccesoadatos_ficheros/Autor.java</file>
            <file>file:/Users/inaki/Workspaces/01.JAVA/PracticaAccesoADatos_Ficheros/src/practicaaccesoadatos_ficheros/ControladorSaxLectura.java</file>
            <file>file:/Users/inaki/Workspaces/01.JAVA/PracticaAccesoADatos_Ficheros/libros.xml</file>
            <file>file:/Users/inaki/Workspaces/01.JAVA/PracticaAccesoADatos_Ficheros/src/practicaaccesoadatos_ficheros/PracticaAccesoADatos_FicherosApartado2.java</file>
        </group>
    </open-files>
</project-private>
