<?xml version="1.0" encoding="UTF-8"?>
<!DOCTYPE hibernate-configuration PUBLIC
		"-//Hibernate/Hibernate Configuration DTD 3.0//EN"
		"http://www.hibernate.org/dtd/hibernate-configuration-3.0.dtd">
<hibernate-configuration>
    
    <session-factory>
        <property name="hibernate.connection.driver_class">com.mysql.jdbc.Driver</property>
        <property name="hibernate.connection.url">jdbc:mysql://localhost:3306/BBDDExamen</property>
        <property name="hibernate.connection.username">root</property>
        <property name="hibernate.connection.password"></property>
        <property name="hibernate.dialect">org.hibernate.dialect.MySQLDialect</property>
        <property name="hibernate.show_sql">true</property>
    

  
  		<!--  Mapping de clases de ejemplos muchas a muchas -->
        <mapping class="EjercicioRelacionesORM.EjercicioRelacionesORM.Localizaciones" />
        <mapping class="EjercicioRelacionesORM.EjercicioRelacionesORM.Usuarios" /> 
  
  
    </session-factory>
</hibernate-configuration>
