<?xml version="1.0" encoding="UTF-8" standalone="yes"?>
<NodoPrincipal>
    <nombreEmpresa>Tuberias Lopez SL</nombreEmpresa>
    <nunEmpleados>23</nunEmpleados>
    <NodoListaDePersonas>
        <NodoDeCadaPersona nif="Luis">
            <nombre>42323432A</nombre>
            <telefono>982382882</telefono>
        </NodoDeCadaPersona>
        <NodoDeCadaPersona nif="Carlos">
            <nombre>332554352B</nombre>
            <telefono>938388923</telefono>
        </NodoDeCadaPersona>
        <NodoDeCadaPersona nif="Pedro">
            <nombre>77347366C</nombre>
            <telefono>917738822</telefono>
        </NodoDeCadaPersona>
    </NodoListaDePersonas>
</NodoPrincipal>