<?xml version="1.0" encoding="utf-8"?>
<!DOCTYPE hibernate-configuration PUBLIC
"-//Hibernate/Hibernate Configuration DTD 3.0//EN"
"http://www.hibernate.org/dtd/hibernate-configuration-3.0.dtd">
<hibernate-configuration>
    <session-factory name="PracticaORM">
        <property name="hibernate.bytecode.use_reflection_optimizer">false</property>
        <property name="hibernate.connection.driver_class">com.mysql.jdbc.Driver</property>
        <property name="hibernate.connection.password">mark</property>
        <property name="hibernate.connection.url">jdbc:mysql://localhost/practicaorm</property>
        <property name="hibernate.connection.username">mark</property>
        <property name="hibernate.dialect">org.hibernate.dialect.MySQLDialect</property>
        <property name="hibernate.search.autoregister_listeners">false</property>
        <property name="hibernate.validator.apply_to_ddl">false</property>
        
        
        <mapping resource="com/hibernate/modelo/Proyecto.hbm.xml" />
        <mapping resource="com/hibernate/modelo/Empleado.hbm.xml" />
        <mapping resource="com/hibernate/modelo/Departamento.hbm.xml" />
    </session-factory>
</hibernate-configuration>
