<?xml version="1.0" encoding="UTF-8"?>
<project-private xmlns="http://www.netbeans.org/ns/project-private/1">
    <editor-bookmarks xmlns="http://www.netbeans.org/ns/editor-bookmarks/2" lastBookmarkId="0"/>
    <open-files xmlns="http://www.netbeans.org/ns/projectui-open-files/2">
        <group>
            <file>file:/C:/Users/Oscar/OneDrive/Curso%20DAM/Programacion/Año%202/Tareas/Tarea%206/GestionClient/src/gestionclient/GestionClient.java</file>
            <file>file:/C:/Users/Oscar/OneDrive/Curso%20DAM/Programacion/Año%202/Tareas/Tarea%206/GestionClient/src/gestionclient/Cliente.java</file>
            <file>file:/C:/Users/Oscar/OneDrive/Curso%20DAM/Programacion/Año%202/Tareas/Tarea%206/GestionClient/src/gestionclient/Gestion.java</file>
        </group>
    </open-files>
</project-private>
