<?xml version="1.0" encoding="UTF-8"?>
<lista_empleados>
    <empleado>
        <codigo>1</codigo>
        <nombre>Juan</nombre>
        <direccion>Calle</direccion>
        <salario>3200.0</salario>
        <comision>200.0</comision>
    </empleado>
    <empleado>
        <codigo>2</codigo>
        <nombre>Pepe</nombre>
        <direccion>Plaza</direccion>
        <salario>3200.0</salario>
        <comision>200.0</comision>
    </empleado>
    <empleado>
        <codigo>3</codigo>
        <nombre>Luis</nombre>
        <direccion>Avenida</direccion>
        <salario>3200.0</salario>
        <comision>200.0</comision>
    </empleado>
    <empleado>
        <codigo>4</codigo>
        <nombre>Cesar</nombre>
        <direccion>Villa</direccion>
        <salario>3200.0</salario>
        <comision>200.0</comision>
    </empleado>
    <empleado>
        <codigo>5</codigo>
        <nombre>Nacho</nombre>
        <direccion>Pueblo</direccion>
        <salario>3200.0</salario>
        <comision>200.0</comision>
    </empleado>
</lista_empleados>
