<?xml version="1.0" encoding="UTF-8" standalone="yes"?>
<empresa>
    <ListaProveedores>
        <Proveedor>
            <cif_proveedor>12312345d</cif_proveedor>
            <fec_homologacion>2011-11-11T00:00:00+01:00</fec_homologacion>
            <raz_proveedor>LA PERA</raz_proveedor>
            <reg_notarial>REG423423</reg_notarial>
            <seg_importe>1234.0</seg_importe>
            <seg_responsabilidad>1234</seg_responsabilidad>
        </Proveedor>
        <Proveedor>
            <cif_proveedor>5424652k</cif_proveedor>
            <fec_homologacion>2010-01-01T00:00:00+01:00</fec_homologacion>
            <raz_proveedor>CENCERROS SA</raz_proveedor>
            <reg_notarial>REG65563</reg_notarial>
            <seg_importe>678.0</seg_importe>
            <seg_responsabilidad>687</seg_responsabilidad>
        </Proveedor>
    </ListaProveedores>
</empresa>
