<?xml version="1.0" encoding="UTF-8"?>
<datos>
    <personal>
        <empleado codDptoPertenencia="lengua" codigoEmp="1">
            <nombre>eva</nombre>
            <apellido>perex</apellido>
        </empleado>
    </personal>
    <personal>
        <empleado codDptoPertenencia="historia" codigoEmp="2">
            <nombre>pepe</nombre>
            <apellido>ruiz</apellido>
        </empleado>
    </personal>
    <personal>
        <empleado codDptoPertenencia="lengua" codigoEmp="121">
            <nombre>ana</nombre>
            <apellido>perex</apellido>
        </empleado>
    </personal>
</datos>
