<agenda>
	<persona id="1">
		<nombre>Ernesto</nombre>
                <apellidos>Garcia</apellidos>
		<direccion>Tokio</direccion>
		<edad>75</edad>
	</persona>
	<persona id="2">
		<nombre>Abd al-Aziz</nombre>
                <apellidos>Garcia</apellidos>
		<direccion>Nueva York</direccion>
		<edad>28</edad>
	</persona>
	<persona id="3">
		<nombre>Acacio</nombre>
                <apellidos>Garcia</apellidos>
		<direccion>Los Angeles</direccion>
		<edad>29</edad>
	</persona>
	<persona id="4">
		<nombre>Adolfo</nombre>
                <apellidos>Garcia</apellidos>
		<direccion>Seul</direccion>
		<edad>75</edad>
	</persona>
	<persona id="5">
		<nombre>Agatoclio</nombre>
                <apellidos>Garcia</apellidos>
		<direccion>Londres</direccion>
		<edad>65</edad>
	</persona>
	<persona id="6">
		<nombre>Bento</nombre>
                <apellidos>Garcia</apellidos>
		<direccion>Paris</direccion>
		<edad>35</edad>
	</persona>
	<persona id="7">
		<nombre>Baudhayana</nombre>
                <apellidos>Garcia</apellidos>
		<direccion>Osaka</direccion>
		<edad>95</edad>
	</persona>
	<persona id="8">
		<nombre>Berengario</nombre>
                <apellidos>Garcia</apellidos>
		<direccion>Shanghai</direccion>
		<edad>75</edad>
	</persona>
	<persona id="9">
		<nombre>Aladino</nombre>
                <apellidos>Garcia</apellidos>
		<direccion>Chicago</direccion>
		<edad>65</edad>
	</persona>
	<persona id="10">
		<nombre>Carlos</nombre>
                <apellidos>Garcia</apellidos>
		<direccion>Moscu</direccion>
		<edad>25</edad>
	</persona>
	<persona id="11">
		<nombre>Celestino</nombre>
                <apellidos>Garcia</apellidos>
		<direccion>Pekín</direccion>
		<edad>35</edad>
	</persona>
	<persona id="12">
		<nombre>Ashuin</nombre>
                <apellidos>Garcia</apellidos>
		<direccion>Colonia</direccion>
		<edad>15</edad>
	</persona>
	<persona id="13">
		<nombre>Asoka</nombre>
                <apellidos>Garcia</apellidos>
		<direccion>Houston</direccion>
		<edad>13</edad>
	</persona>
	<persona id="14">
		<nombre>Columbano</nombre>
                <apellidos>Garcia</apellidos>
		<direccion>Washington</direccion>
		<edad>13</edad>
	</persona>
	<persona id="15">
		<nombre>Cristian</nombre>
                <apellidos>Garcia</apellidos>
		<direccion>Sao Paulo</direccion>
		<edad>25</edad>
	</persona>
	<persona id="16">
		<nombre>Fiodor</nombre>
                <apellidos>Garcia</apellidos>
		<direccion>Hong Kong</direccion>
		<edad>68</edad>
	</persona>
	<persona id="17">
		<nombre>Fernando</nombre>
                <apellidos>Garcia</apellidos>
		<direccion>Ciudad de Mexico</direccion>
		<edad>86</edad>
	</persona>
	<persona id="18">
		<nombre>Daksha</nombre>
                <apellidos>Garcia</apellidos>
		<direccion>Tianjin</direccion>
		<edad>75</edad>
	</persona>
	<persona id="19">
		<nombre>Crescencio</nombre>
		<direccion>Singapur</direccion>
		<edad>86</edad>
	</persona>
	<persona id="20">
		<nombre>Geoffrey</nombre>
                <apellidos>Garcia</apellidos>
		<direccion>Nagoya</direccion>
		<edad>78</edad>
	</persona>
	<persona id="21">
		<nombre>Dobromir</nombre>
                <apellidos>Garcia</apellidos>
		<direccion>Shenzhen</direccion>
		<edad>56</edad>
	</persona>
	<persona id="22">
		<nombre>Gines</nombre>
                <apellidos>Garcia</apellidos>
		<direccion>Boston</direccion>
		<edad>26</edad>
	</persona>
	<persona id="23">
		<nombre>Durvasa</nombre>
                <apellidos>Garcia</apellidos>
		<direccion>Estambul</direccion>
		<edad>24</edad>
	</persona>
	<persona id="24">
		<nombre>Goro</nombre>
                <apellidos>Garcia</apellidos>
		<direccion>Filadelfia</direccion>
		<edad>69</edad>
	</persona>
	<persona id="25">
		<nombre>Eero</nombre>
                <apellidos>Garcia</apellidos>
		<direccion>Suzhou</direccion>
		<edad>82</edad>
	</persona>
	<persona id="26">
		<nombre>Henrik</nombre>
                <apellidos>Garcia</apellidos>
		<direccion>San Francisco</direccion>
		<edad>76</edad>
	</persona>
	<persona id="27">
		<nombre>Eugenio</nombre>
                <apellidos>Garcia</apellidos>
		<direccion>Taipei</direccion>
		<edad>74</edad>
	</persona>
	<persona id="28">
		<nombre>Herman</nombre>
                <apellidos>Garcia</apellidos>
		<direccion>Yakarta</direccion>
		<edad>79</edad>
	</persona>
	<persona id="29">
		<nombre>Hugo</nombre>
                <apellidos>Garcia</apellidos>
		<direccion>Amsterdam</direccion>
		<edad>38</edad>
	</persona>
	<persona id="30">
		<nombre>Fabricio</nombre>
                <apellidos>Garcia</apellidos>
		<direccion>Buenos Aires</direccion>
		<edad>72</edad>
	</persona>
	<persona id="31">
		<nombre>Felipe</nombre>
                <apellidos>Garcia</apellidos>
		<direccion>Miln</direccion>
		<edad>38</edad>
	</persona>
	<persona id="32">
		<nombre>Isaias</nombre>
                <apellidos>Garcia</apellidos>
		<direccion>Bangkok</direccion>
		<edad>59</edad>
	</persona>
	<persona id="33">
		<nombre>Jaime</nombre>
		<direccion>Busan</direccion>
		<edad>16</edad>
	</persona>
	<persona id="34">
		<nombre>Mariano</nombre>
                <apellidos>Garcia</apellidos>
		<direccion>Atlanta</direccion>
		<edad>72</edad>
	</persona>
	<persona id="35">
		<nombre>Jorge</nombre>
                <apellidos>Garcia</apellidos>
		<direccion>Toronto</direccion>
		<edad>78</edad>
	</persona>
	<persona id="36">
		<nombre>Jose</nombre>
		<direccion>Delhi</direccion>
		<edad>55</edad>
	</persona>
	<persona id="37">
		<nombre>Juan</nombre>
                <apellidos>Garcia</apellidos>
		<direccion>Seattle</direccion>
		<edad>15</edad>
	</persona>
	<persona id="38">
		<nombre>Nicolas</nombre>
                <apellidos>Garcia</apellidos>
		<direccion>Miami</direccion>
		<edad>54</edad>
	</persona>
	<persona id="39">
		<nombre>Olaf</nombre>
                <apellidos>Garcia</apellidos>
		<direccion>Madrid</direccion>
		<edad>99</edad>
	</persona>
	<persona id="40">
		<nombre>Narakasura</nombre>ç
                <apellidos>Garcia</apellidos>
		<direccion>Bruselas</direccion>
		<edad>19</edad>
	</persona>
	<persona id="41">
		<nombre>Kardama</nombre>
                <apellidos>Garcia</apellidos>
		<direccion>Wuhan</direccion>
		<edad>31</edad>
	</persona>
	<persona id="42">
		<nombre>Pandava</nombre>
                <apellidos>Garcia</apellidos>
		<direccion>Sídney</direccion>
		<edad>16</edad>
	</persona>
	<persona id="43">
		<nombre>Primitivo</nombre>
                <apellidos>Garcia</apellidos>
		<direccion>Munich</direccion>
		<edad>29</edad>
	</persona>
	<persona id="44">
		<nombre>Lalo</nombre>
                <apellidos>Garcia</apellidos>
		<direccion>Rio de Janeiro</direccion>
		<edad>28</edad>
	</persona>
	<persona id="45">
		<nombre>Levy</nombre>
                <apellidos>Garcia</apellidos>
		<direccion>Phoenix</direccion>
		<edad>15</edad>
	</persona>
	<persona id="46">
		<nombre>Luis</nombre>
                <apellidos>Garcia</apellidos>
		<direccion>San Diego</direccion>
		<edad>58</edad>
	</persona>
	<persona id="47">
		<nombre>Rama</nombre>
                <apellidos>Garcia</apellidos>
		<direccion>Dalian</direccion>
		<edad>85</edad>
	</persona>
	<persona id="48">
		<nombre>Raul</nombre>
		<direccion>Fukuoka</direccion>
		<edad>45</edad>
	</persona>
	<persona id="49">
		<nombre>Tito</nombre>
                <apellidos>Garcia</apellidos>
		<direccion>Viena</direccion>
		<edad>65</edad>
	</persona>
	<persona id="50">
		<nombre>Roberto</nombre>
		<direccion>Manila</direccion>
		<edad>56</edad>
	</persona>
	<persona id="51">
		<nombre>Rodrigo</nombre>
                <apellidos>Garcia</apellidos>
		<direccion>Lima</direccion>
		<edad>72</edad>
	</persona>
	<persona id="52">
		<nombre>Urias</nombre>
                <apellidos>Garcia</apellidos>
		<direccion>Melbourne</direccion>
		<edad>27</edad>
	</persona>
	<persona id="53">
		<nombre>Sambor</nombre>
		<direccion>Abu Dabi</direccion>
		<edad>75</edad>
	</persona>
	<persona id="54">
		<nombre>Victor</nombre>
                <apellidos>Garcia</apellidos>
		<direccion>Detroit</direccion>
		<edad>83</edad>
	</persona>
	<persona id="55">
		<nombre>Yaromir</nombre>
		<direccion>Baltimore</direccion>
		<edad>38</edad>
	</persona>
	<persona id="56">
		<nombre>Stefano</nombre>
                <apellidos>Garcia</apellidos>
		<direccion>Kuala Lumpur</direccion>
		<edad>56</edad>
	</persona>
	<persona id="57">
		<nombre>Zanobi</nombre>
                <apellidos>Garcia</apellidos>
		<direccion>Santiago de Chile</direccion>
		<edad>89</edad>
	</persona>
	<persona id="58">
		<nombre>Tinia</nombre>
                <apellidos>Garcia</apellidos>
		<direccion>Barcelona</direccion>
		<edad>26</edad>
	</persona>
	<persona id="59">
		<nombre>Alexis</nombre>
                <apellidos>Garcia</apellidos>
		<direccion>Denver</direccion>
		<edad>25</edad>
	</persona>
	<persona id="60">
		<nombre>Andrea</nombre>
                <apellidos>Garcia</apellidos>
		<direccion>Kuwait</direccion>
		<edad>32</edad>
	</persona>
	<persona id="61">
		<nombre>Baddo</nombre>
                <apellidos>Garcia</apellidos>
		<direccion>Roma</direccion>
		<edad>54</edad>
	</persona>
	<persona id="62">
		<nombre>Loreto</nombre>
                <apellidos>Garcia</apellidos>
		<direccion>Hamburgo</direccion>
		<edad>56</edad>
	</persona>
	<persona id="63">
		<nombre>Chris</nombre>
                <apellidos>Garcia</apellidos>
		<direccion>Yeda</direccion>
		<edad>65</edad>
	</persona>
	<persona id="64">
		<nombre>Tirtha</nombre>
		<direccion>San Jose</direccion>
		<edad>78</edad>
	</persona>
	<persona id="65">
		<nombre>Guadalupe</nombre>
                <apellidos>Garcia</apellidos>
		<direccion>Bogota</direccion>
		<edad>98</edad>
	</persona>
	<persona id="66">
		<nombre>Trinidad</nombre>
                <apellidos>Garcia</apellidos>
		<direccion>Berlin</direccion>
		<edad>54</edad>
	</persona>
	<persona id="67">
		<nombre>Sakura</nombre>
                <apellidos>Garcia</apellidos>
		<direccion>Montreal</direccion>
		<edad>35</edad>
	</persona>
	<persona id="68">
		<nombre>Abigail</nombre>
                <apellidos>Garcia</apellidos>
		<direccion>Riverside</direccion>
		<edad>35</edad>
	</persona>
	<persona id="69">
		<nombre>Cloe</nombre>
                <apellidos>Garcia</apellidos>
		<direccion>Tel Aviv</direccion>
		<edad>89</edad>
	</persona>
	<persona id="70">
		<nombre>Africa</nombre>
                <apellidos>Garcia</apellidos>
		<direccion>Bombay</direccion>
		<edad>5</edad>
	</persona>
	<persona id="71">
		<nombre>Alida</nombre>
                <apellidos>Garcia</apellidos>
		<direccion>Estocolmo</direccion>
		<edad>68</edad>
	</persona>
	<persona id="72">
		<nombre>Delilah</nombre>
		<direccion>Brasilia</direccion>
		<edad>101</edad>
	</persona>
	<persona id="73">
		<nombre>Dorotea</nombre>
                <apellidos>Garcia</apellidos>
		<direccion>Caracas</direccion>
		<edad>89</edad>
	</persona>
	<persona id="74">
		<nombre>Amba</nombre>
                <apellidos>Garcia</apellidos>
		<direccion>Varsovia</direccion>
		<edad>19</edad>
	</persona>
	<persona id="75">
		<nombre>Anahi</nombre>
                <apellidos>Garcia</apellidos>
		<direccion>San Luis</direccion>
		<edad>45</edad>
	</persona>
	<persona id="76">
		<nombre>Erika</nombre>
                <apellidos>Garcia</apellidos>
		<direccion>Karlsruhe</direccion>
		<edad>52</edad>
	</persona>
	<persona id="77">
		<nombre>Araceli</nombre>
                <apellidos>Garcia</apellidos>
		<direccion>Harbin</direccion>
		<edad>39</edad>
	</persona>
	<persona id="78">
		<nombre>Ester</nombre>
		<direccion>Copenhague</direccion>
		<edad>38</edad>
	</persona>
	<persona id="79">
		<nombre>Ayelen</nombre>
		<direccion>Tampa</direccion>
		<edad>76</edad>
	</persona>
	<persona id="80">
		<nombre>Felicitas</nombre>
                <apellidos>Garcia</apellidos>
		<direccion>Monterrey</direccion>
		<edad>59</edad>
	</persona>
	<persona id="81">
		<nombre>Bernie</nombre>
		<direccion>Birmingham</direccion>
		<edad>21</edad>
	</persona>
	<persona id="82">
		<nombre>Francina</nombre>
                <apellidos>Garcia</apellidos>
		<direccion>Orlando</direccion>
		<edad>32</edad>
	</persona>
	<persona id="83">
		<nombre>Brigida</nombre>
                <apellidos>Garcia</apellidos>
		<direccion>Changzhou</direccion>
		<edad>56</edad>
	</persona>
	<persona id="84">
		<nombre>Helga</nombre>
                <apellidos>Garcia</apellidos>
		<direccion>Cleveland</direccion>
		<edad>46</edad>
	</persona>
	<persona id="85">
		<nombre>Cecilia</nombre>
		<direccion>Kansas City</direccion>
		<edad>53</edad>
	</persona>
	<persona id="86">
		<nombre>Carmela</nombre>
                <apellidos>Garcia</apellidos>
		<direccion>Aachen</direccion>
		<edad>21</edad>
	</persona>
	<persona id="87">
		<nombre>Ileana</nombre>
                <apellidos>Garcia</apellidos>
		<direccion>Lisboa</direccion>
		<edad>32</edad>
	</persona>
	<persona id="88">
		<nombre>Iratxe</nombre>
                <apellidos>Garcia</apellidos>
		<direccion>Las Vegas</direccion>
		<edad>32</edad>
	</persona>
	<persona id="89">
		<nombre>Nell</nombre>
                <apellidos>Garcia</apellidos>
		<direccion>Mánchester</direccion>
		<edad>56</edad>
	</persona>
	<persona id="90">
		<nombre>Itziar</nombre>
                <apellidos>Garcia</apellidos>
		<direccion>Eindhoven</direccion>
		<edad>89</edad>
	</persona>
	<persona id="91">
		<nombre>Jessica</nombre>
                <apellidos>Garcia</apellidos>
		<direccion>Dublin</direccion>
		<edad>15</edad>
	</persona>
	<persona id="92">
		<nombre>Olga</nombre>
                <apellidos>Garcia</apellidos>
		<direccion>Praga</direccion>
		<edad>45</edad>
	</persona>
	<persona id="93">
		<nombre>Karen</nombre>
                <apellidos>Garcia</apellidos>
		<direccion>Napoles</direccion>
		<edad>56</edad>
	</persona>
	<persona id="94">
		<nombre>Prakriti</nombre>
                <apellidos>Garcia</apellidos>
		<direccion>Dubai</direccion>
		<edad>24</edad>
	</persona>
	<persona id="95">
		<nombre>Radha</nombre>
                <apellidos>Garcia</apellidos>
		<direccion>Guadalajara</direccion>
		<edad>14</edad>
	</persona>
	<persona id="96">
		<nombre>Magali</nombre>
                <apellidos>Garcia</apellidos>
		<direccion>Helsinki</direccion>
		<edad>45</edad>
	</persona>
	<persona id="97">
		<nombre>Sabine</nombre>
                <apellidos>Garcia</apellidos>
		<direccion>Oslo</direccion>
		<edad>56</edad>
	</persona>
	<persona id="98">
		<nombre>Salma</nombre>
                <apellidos>Garcia</apellidos>
		<direccion>Liverpool</direccion>
		<edad>86</edad>
	</persona>
	<persona id="99">
		<nombre>Malgorzata</nombre>
                <apellidos>Garcia</apellidos>
		<direccion>Luxemburgo</direccion>
		<edad>17</edad>
	</persona>
	<persona id="100">
		<nombre>Ramses</nombre>
                <apellidos>Garcia</apellidos>
		<direccion>Merida</direccion>
		<edad>21</edad>
	</persona>
		
</agenda>