<?xml version="1.0" encoding="UTF-8"?>
<datos>
    <personal>
        <empleado codDptoPertenecia="d10" codigoEmp="c10">
            <nombre>pepe</nombre>
            <apellidos>grillo</apellidos>
        </empleado>
        <empleado codDptoPertenecia="d20" codigoEmp="c2">
            <nombre>antonio</nombre>
            <apellidos>antonito</apellidos>
        </empleado>
        <empleado codDptoPertenecia="d4" codigoEmp="c30">
            <nombre>pepe</nombre>
            <apellidos>pepito</apellidos>
        </empleado>
        <empleado codDptoPertenecia="d4" codigoEmp="c4">
            <nombre>felipe</nombre>
            <apellidos>felipón</apellidos>
        </empleado>
        <empleado codDptoPertenecia="d10" codigoEmp="c1">
            <nombre>nom1</nombre>
            <apellidos>ape2</apellidos>
        </empleado>
        <empleado codDptoPertenecia="d20" codigoEmp="c200">
            <nombre>nom3</nombre>
            <apellidos>ape4</apellidos>
        </empleado>
        <empleado codDptoPertenecia="d50" codigoEmp="c300">
            <nombre>nom5</nombre>
            <apellidos>ape6</apellidos>
        </empleado>
        <empleado codDptoPertenecia="d50" codigoEmp="c400">
            <nombre>nom7</nombre>
            <apellidos>ape8</apellidos>
        </empleado>
    </personal>
    <departamentos>
        <departamento codDpto="d50">
            <nombre>TIC</nombre>
            <localizacion>p1</localizacion>
        </departamento>
        <departamento codDpto="d120">
            <nombre>Administración</nombre>
            <localizacion>p3</localizacion>
        </departamento>
        <departamento codDpto="d20">
            <nombre>Logística</nombre>
            <localizacion>p3</localizacion>
        </departamento>
        <departamento codDpto="d4">
            <nombre>Finanzas</nombre>
            <localizacion>p4</localizacion>
        </departamento>
        <departamento codDpto="d50">
            <nombre>I+D</nombre>
            <localizacion>p5</localizacion>
        </departamento>
        <departamento codDpto="d6">
            <nombre>Comercial</nombre>
            <localizacion>p3</localizacion>
        </departamento>
        <departamento codDpto="d7">
            <nombre>RRHH</nombre>
            <localizacion>p2</localizacion>
        </departamento>
        <departamento codDpto="d50">
            <nombre>Ingeniería Aeroespacial</nombre>
            <localizacion>p3</localizacion>
        </departamento>
        <departamento codDpto="d9">
            <nombre>Departamento X</nombre>
            <localizacion>p4</localizacion>
        </departamento>
        <departamento codDpto="d10">
            <nombre>Marketing</nombre>
            <localizacion>p4</localizacion>
        </departamento>
    </departamentos>
</datos>
