<?xml version="1.0"?>
<!DOCTYPE hibernate-mapping PUBLIC "-//Hibernate/Hibernate Mapping DTD 3.0//EN"
"http://www.hibernate.org/dtd/hibernate-mapping-3.0.dtd">
<!-- Generated 18-ene-2019 11:47:28 by Hibernate Tools 5.1.0.Alpha1 -->
<hibernate-mapping>
    <class name="tablas2.Emp" table="emp" catalog="scott" optimistic-lock="version">
        <id name="empno" type="short">
            <column name="empno" precision="4" scale="0" />
            <generator class="assigned" />
        </id>
        <many-to-one name="dept" class="tablas2.Dept" fetch="select">
            <column name="deptno" precision="2" scale="0" />
        </many-to-one>
        <many-to-one name="emp" class="tablas2.Emp" fetch="select">
            <column name="mgr" precision="4" scale="0" />
        </many-to-one>
        <property name="ename" type="string">
            <column name="ename" length="10" />
        </property>
        <property name="job" type="string">
            <column name="job" length="9" />
        </property>
        <property name="hiredate" type="date">
            <column name="hiredate" length="10" />
        </property>
        <property name="sal" type="big_decimal">
            <column name="sal" precision="7" />
        </property>
        <property name="comm" type="big_decimal">
            <column name="comm" precision="7" />
        </property>
        <set name="emps" table="emp" inverse="true" lazy="true" fetch="select">
            <key>
                <column name="mgr" precision="4" scale="0" />
            </key>
            <one-to-many class="tablas2.Emp" />
        </set>
    </class>
</hibernate-mapping>
