<?xml version="1.0"?>
<!DOCTYPE hibernate-mapping PUBLIC "-//Hibernate/Hibernate Mapping DTD 3.0//EN"
"http://www.hibernate.org/dtd/hibernate-mapping-3.0.dtd">

<hibernate-mapping>
    <class name="tablas.Dept" table="dept" catalog="scott" optimistic-lock="version">
        <id name="deptno" type="byte">
            <column name="deptno" precision="2" scale="0" />
            <generator class="assigned" />
        </id>
        <property name="dname" type="string">
            <column name="dname" length="14" />
        </property>
        <property name="loc" type="string">
            <column name="loc" length="13" />
        </property>
        <set name="emps" table="emp" inverse="true" lazy="true" fetch="select">
            <key>
                <column name="deptno" precision="2" scale="0" />
            </key>
            <one-to-many class="tablas.Emp" />
        </set>
    </class>
</hibernate-mapping>
