<?xml version="1.0" encoding="UTF-8"?>
<project-private xmlns="http://www.netbeans.org/ns/project-private/1">
    <editor-bookmarks xmlns="http://www.netbeans.org/ns/editor-bookmarks/2" lastBookmarkId="0"/>
    <open-files xmlns="http://www.netbeans.org/ns/projectui-open-files/2">
        <group>
            <file>file:/Users/inaki/Workspaces/1.JAVA/∫%20ELIAS/VideoclubSQL/src/vistas/Inicio.java</file>
            <file>file:/Users/inaki/Workspaces/1.JAVA/∫%20ELIAS/VideoclubSQL/src/vistas/InsertarPelicula.java</file>
            <file>file:/Users/inaki/Workspaces/1.JAVA/∫%20ELIAS/VideoclubSQL/src/bbdd/BBDDVideoClub.java</file>
            <file>file:/Users/inaki/Workspaces/1.JAVA/∫%20ELIAS/VideoclubSQL/src/vistas/AlquilarPelicula.java</file>
            <file>file:/Users/inaki/Workspaces/1.JAVA/∫%20ELIAS/VideoclubSQL/src/vistas/ListadoAlquileres.java</file>
            <file>file:/Users/inaki/Workspaces/1.JAVA/∫%20ELIAS/VideoclubSQL/src/vistas/ListadoPeliculas.java</file>
            <file>file:/Users/inaki/Workspaces/1.JAVA/∫%20ELIAS/VideoclubSQL/src/vistas/ListadoClientes.java</file>
        </group>
    </open-files>
</project-private>
