<?xml version="1.0" encoding="UTF-8"?>
<!DOCTYPE hibernate-configuration PUBLIC
		"-//Hibernate/Hibernate Configuration DTD 3.0//EN"
		"http://www.hibernate.org/dtd/hibernate-configuration-3.0.dtd">

<hibernate-configuration>
	<session-factory name="">

		<property name="hibernate.connection.driver_class">com.mysql.cj.jdbc.Driver</property>
		<property name="hibernate.connection.url">jdbc:mysql://localhost:3306/concesionario</property>
		<property name="hibernate.connection.username">root</property>
		<property name="hibernate.dialect">org.hibernate.dialect.MySQLDialect</property>
		<property name="hibernate.connection.password"></property>
		<property name="hibernate.connection.serverTimezone">UTC</property>
		<property name="show_sql">true</property>
		<property name="format_sql">true</property>
		<property name="use_sql_comments">true</property>

		<mapping package="practica2eval.model"/>
		<mapping class="practica2eval.model.Concesionario"/>
		<mapping class="practica2eval.model.Vehiculo"/>
		<mapping class="practica2eval.model.Extras"/>
		<mapping class="practica2eval.model.Proveedor"/>
		<mapping class="practica2eval.model.Usuario"/>

	</session-factory>
</hibernate-configuration>